<?xml version="1.0"?>
<testResults>
  <FitNesseVersion>v20161106</FitNesseVersion>
  <rootPath>FrontPage.Recepcja.Wystawienie_rachunku</rootPath>
    <result>
    <counts>
      <right>8</right>
      <wrong>0</wrong>
      <ignores>0</ignores>
      <exceptions>0</exceptions>
    </counts>
    <date>2017-01-24T12:23:32+01:00</date>
    <runTimeInMillis>7</runTimeInMillis>
    <content>&lt;div class="collapsible closed"&gt;&lt;ul&gt;&lt;li&gt;&lt;a href='#' class='expandall'&gt;Expand&lt;/a&gt;&lt;/li&gt;&lt;li&gt;&lt;a href='#' class='collapseall'&gt;Collapse&lt;/a&gt;&lt;/li&gt;&lt;/ul&gt;
	&lt;p class="title"&gt;Included page: &lt;a href="FrontPage.Recepcja.SetUp"&gt;.FrontPage.Recepcja.SetUp&lt;/a&gt; &lt;a href="FrontPage.Recepcja.SetUp?edit&amp;amp;redirectToReferer=true&amp;amp;redirectAction=" class="edit"&gt;(edit)&lt;/a&gt;&lt;/p&gt;
	&lt;div&gt;&lt;div class="contents"&gt;
	&lt;b&gt;Contents:&lt;/b&gt;
	&lt;ul class="toc1"/&gt;
&lt;/div&gt;
&lt;br/&gt;&lt;table&gt;
	&lt;tr&gt;
		&lt;td&gt;SetUp&lt;/td&gt;
	&lt;/tr&gt;
&lt;/table&gt;
&lt;/div&gt;
&lt;/div&gt;
&lt;br/&gt;&amp;lt;test page&amp;gt;&lt;br/&gt;&lt;table&gt;
	&lt;tr&gt;
		&lt;td colspan="4"&gt;Test_wystaw_rachunek&lt;/td&gt;
	&lt;/tr&gt;
	&lt;tr&gt;
		&lt;td&gt;kwotaPokoju&lt;/td&gt;
		&lt;td&gt;podatek&lt;/td&gt;
		&lt;td&gt;wartosc_oczekiwana&lt;/td&gt;
		&lt;td&gt;wartosc_rachunku?&lt;/td&gt;
	&lt;/tr&gt;
	&lt;tr&gt;
		&lt;td&gt;200&lt;/td&gt;
		&lt;td&gt;0.2&lt;/td&gt;
		&lt;td&gt;240&lt;/td&gt;
		&lt;td class="pass"&gt;true&lt;/td&gt;
	&lt;/tr&gt;
	&lt;tr&gt;
		&lt;td&gt;250&lt;/td&gt;
		&lt;td&gt;0.2&lt;/td&gt;
		&lt;td&gt;300&lt;/td&gt;
		&lt;td class="pass"&gt;true&lt;/td&gt;
	&lt;/tr&gt;
	&lt;tr&gt;
		&lt;td&gt;400&lt;/td&gt;
		&lt;td&gt;0.2&lt;/td&gt;
		&lt;td&gt;480&lt;/td&gt;
		&lt;td class="pass"&gt;true&lt;/td&gt;
	&lt;/tr&gt;
	&lt;tr&gt;
		&lt;td&gt;1200&lt;/td&gt;
		&lt;td&gt;0.2&lt;/td&gt;
		&lt;td&gt;1440&lt;/td&gt;
		&lt;td class="pass"&gt;true&lt;/td&gt;
	&lt;/tr&gt;
	&lt;tr&gt;
		&lt;td&gt;100&lt;/td&gt;
		&lt;td&gt;0.2&lt;/td&gt;
		&lt;td&gt;120&lt;/td&gt;
		&lt;td class="pass"&gt;true&lt;/td&gt;
	&lt;/tr&gt;
	&lt;tr&gt;
		&lt;td&gt;500&lt;/td&gt;
		&lt;td&gt;0.2&lt;/td&gt;
		&lt;td&gt;600&lt;/td&gt;
		&lt;td class="pass"&gt;true&lt;/td&gt;
	&lt;/tr&gt;
	&lt;tr&gt;
		&lt;td&gt;550&lt;/td&gt;
		&lt;td&gt;0.2&lt;/td&gt;
		&lt;td&gt;660&lt;/td&gt;
		&lt;td class="pass"&gt;true&lt;/td&gt;
	&lt;/tr&gt;
	&lt;tr&gt;
		&lt;td&gt;200&lt;/td&gt;
		&lt;td&gt;0.2&lt;/td&gt;
		&lt;td&gt;240&lt;/td&gt;
		&lt;td class="pass"&gt;true&lt;/td&gt;
	&lt;/tr&gt;
&lt;/table&gt;
</content>
    <relativePageName>Wystawienie_rachunku</relativePageName>
          </result>
  <finalCounts>
    <right>1</right>
    <wrong>0</wrong>
    <ignores>0</ignores>
    <exceptions>0</exceptions>
  </finalCounts>
  <totalRunTimeInMillis>7</totalRunTimeInMillis>
</testResults>

