<?xml version="1.0"?>
<testResults>
  <FitNesseVersion>v20161106</FitNesseVersion>
  <rootPath>FrontPage.Recepcja.Dodawanie_rezerwacji</rootPath>
    <result>
    <counts>
      <right>0</right>
      <wrong>5</wrong>
      <ignores>0</ignores>
      <exceptions>0</exceptions>
    </counts>
    <date>2017-01-24T11:59:48+01:00</date>
    <runTimeInMillis>147</runTimeInMillis>
    <content>&lt;div class="collapsible closed"&gt;&lt;ul&gt;&lt;li&gt;&lt;a href='#' class='expandall'&gt;Expand&lt;/a&gt;&lt;/li&gt;&lt;li&gt;&lt;a href='#' class='collapseall'&gt;Collapse&lt;/a&gt;&lt;/li&gt;&lt;/ul&gt;
	&lt;p class="title"&gt;Included page: &lt;a href="FrontPage.Recepcja.SetUp"&gt;.FrontPage.Recepcja.SetUp&lt;/a&gt; &lt;a href="FrontPage.Recepcja.SetUp?edit&amp;amp;redirectToReferer=true&amp;amp;redirectAction=" class="edit"&gt;(edit)&lt;/a&gt;&lt;/p&gt;
	&lt;div&gt;&lt;div class="contents"&gt;
	&lt;b&gt;Contents:&lt;/b&gt;
	&lt;ul class="toc1"/&gt;
&lt;/div&gt;
&lt;br/&gt;&lt;table&gt;
	&lt;tr&gt;
		&lt;td&gt;SetUp&lt;/td&gt;
	&lt;/tr&gt;
&lt;/table&gt;
&lt;/div&gt;
&lt;/div&gt;
&lt;br/&gt;&amp;lt;test page&amp;gt;&lt;br/&gt;&lt;table&gt;
	&lt;tr&gt;
		&lt;td colspan="4"&gt;Test_dodaj_rezerwacje&lt;/td&gt;
	&lt;/tr&gt;
	&lt;tr&gt;
		&lt;td&gt;imie&lt;/td&gt;
		&lt;td&gt;nazwisko&lt;/td&gt;
		&lt;td&gt;adres&lt;/td&gt;
		&lt;td&gt;dodaj_rezerwacje?&lt;/td&gt;
	&lt;/tr&gt;
	&lt;tr&gt;
		&lt;td&gt;Anna&lt;/td&gt;
		&lt;td&gt;Jankowska&lt;/td&gt;
		&lt;td&gt;costam&lt;/td&gt;
		&lt;td class="fail"&gt;true &lt;span class="fit_label"&gt;expected&lt;/span&gt;&lt;hr&gt;false &lt;span class="fit_label"&gt;actual&lt;/span&gt;&lt;/td&gt;
	&lt;/tr&gt;
	&lt;tr&gt;
		&lt;td&gt;Maria&lt;/td&gt;
		&lt;td&gt;Nowakowska&lt;/td&gt;
		&lt;td&gt;cos22&lt;/td&gt;
		&lt;td class="fail"&gt;true &lt;span class="fit_label"&gt;expected&lt;/span&gt;&lt;hr&gt;false &lt;span class="fit_label"&gt;actual&lt;/span&gt;&lt;/td&gt;
	&lt;/tr&gt;
	&lt;tr&gt;
		&lt;td&gt;Krzyś&lt;/td&gt;
		&lt;td&gt;Uran&lt;/td&gt;
		&lt;td&gt;costam&lt;/td&gt;
		&lt;td class="fail"&gt;true &lt;span class="fit_label"&gt;expected&lt;/span&gt;&lt;hr&gt;false &lt;span class="fit_label"&gt;actual&lt;/span&gt;&lt;/td&gt;
	&lt;/tr&gt;
	&lt;tr&gt;
		&lt;td&gt;Bogna&lt;/td&gt;
		&lt;td&gt;Kowalska&lt;/td&gt;
		&lt;td&gt;adres12&lt;/td&gt;
		&lt;td class="fail"&gt;true &lt;span class="fit_label"&gt;expected&lt;/span&gt;&lt;hr&gt;false &lt;span class="fit_label"&gt;actual&lt;/span&gt;&lt;/td&gt;
	&lt;/tr&gt;
	&lt;tr&gt;
		&lt;td&gt;Marcin&lt;/td&gt;
		&lt;td&gt;Jastrzab&lt;/td&gt;
		&lt;td&gt;slonce3&lt;/td&gt;
		&lt;td class="fail"&gt;true &lt;span class="fit_label"&gt;expected&lt;/span&gt;&lt;hr&gt;false &lt;span class="fit_label"&gt;actual&lt;/span&gt;&lt;/td&gt;
	&lt;/tr&gt;
&lt;/table&gt;
</content>
    <relativePageName>Dodawanie_rezerwacji</relativePageName>
          </result>
  <executionLog>
    <testSystem>fit:fit.FitServer</testSystem>
    <command>java -cp C:\Users\Anna\Desktop\Hotel2\FitNesse\fitnesse-standalone.jar;C:\Users\Anna\Desktop\Hotel2\build\classes fit.FitServer Anna-PC 49849 3863</command>
    <exitCode>5</exitCode>
    <stdOut></stdOut>
    <stdErr></stdErr>
  </executionLog>
  <finalCounts>
    <right>0</right>
    <wrong>1</wrong>
    <ignores>0</ignores>
    <exceptions>0</exceptions>
  </finalCounts>
  <totalRunTimeInMillis>750</totalRunTimeInMillis>
</testResults>

