<?xml version="1.0"?>
<testResults>
  <FitNesseVersion>v20161106</FitNesseVersion>
  <rootPath>FrontPage.Recepcja.Dodawanie_klienta</rootPath>
    <result>
    <counts>
      <right>0</right>
      <wrong>0</wrong>
      <ignores>0</ignores>
      <exceptions>2</exceptions>
    </counts>
    <date>2017-01-23T17:30:06+01:00</date>
    <runTimeInMillis>7</runTimeInMillis>
    <content>&lt;div class="collapsible closed"&gt;&lt;ul&gt;&lt;li&gt;&lt;a href='#' class='expandall'&gt;Expand&lt;/a&gt;&lt;/li&gt;&lt;li&gt;&lt;a href='#' class='collapseall'&gt;Collapse&lt;/a&gt;&lt;/li&gt;&lt;/ul&gt;
	&lt;p class="title"&gt;Included page: &lt;a href="FrontPage.Recepcja.SetUp"&gt;.FrontPage.Recepcja.SetUp&lt;/a&gt; &lt;a href="FrontPage.Recepcja.SetUp?edit&amp;amp;redirectToReferer=true&amp;amp;redirectAction=" class="edit"&gt;(edit)&lt;/a&gt;&lt;/p&gt;
	&lt;div&gt;&lt;div class="contents"&gt;
	&lt;b&gt;Contents:&lt;/b&gt;
	&lt;ul class="toc1"/&gt;
&lt;/div&gt;
&lt;br/&gt;&lt;table&gt;
	&lt;tr&gt;
		&lt;td class="error"&gt;Fitness_test.SetUp&lt;hr/&gt; &lt;span class="fit_label"&gt;Could not find fixture: Fitness_test.SetUp.&lt;/span&gt;&lt;/td&gt;
	&lt;/tr&gt;
&lt;/table&gt;
&lt;/div&gt;
&lt;/div&gt;
&lt;br/&gt;&amp;lt;test page&amp;gt;&lt;br/&gt;&lt;table&gt;
	&lt;tr&gt;
		&lt;td colspan="6" class="error"&gt;Fitness_test.Test_dodawanie_klienta&lt;hr/&gt; &lt;span class="fit_label"&gt;Could not find fixture: Fitness_test.Test_dodawanie_klienta.&lt;/span&gt;&lt;/td&gt;
	&lt;/tr&gt;
	&lt;tr&gt;
		&lt;td&gt;imie&lt;/td&gt;
		&lt;td&gt;nazwisko&lt;/td&gt;
		&lt;td&gt;adres&lt;/td&gt;
		&lt;td&gt;OdKiedy&lt;/td&gt;
		&lt;td&gt;DoKiedy&lt;/td&gt;
		&lt;td&gt;dodaj_klienta?&lt;/td&gt;
	&lt;/tr&gt;
	&lt;tr&gt;
		&lt;td&gt;Anna&lt;/td&gt;
		&lt;td&gt;Jankowska&lt;/td&gt;
		&lt;td&gt;costam&lt;/td&gt;
		&lt;td&gt;2016-12-12&lt;/td&gt;
		&lt;td&gt;2016-12-14&lt;/td&gt;
		&lt;td&gt;true&lt;/td&gt;
	&lt;/tr&gt;
	&lt;tr&gt;
		&lt;td&gt;Karol&lt;/td&gt;
		&lt;td&gt;&lt;/td&gt;
		&lt;td&gt;xx&lt;/td&gt;
		&lt;td&gt;2016-12-13&lt;/td&gt;
		&lt;td&gt;2016-12-15&lt;/td&gt;
		&lt;td&gt;false&lt;/td&gt;
	&lt;/tr&gt;
	&lt;tr&gt;
		&lt;td&gt;Maria&lt;/td&gt;
		&lt;td&gt;Nowak&lt;/td&gt;
		&lt;td&gt;cos22&lt;/td&gt;
		&lt;td&gt;2016-12-24&lt;/td&gt;
		&lt;td&gt;2016-12-26&lt;/td&gt;
		&lt;td&gt;true&lt;/td&gt;
	&lt;/tr&gt;
	&lt;tr&gt;
		&lt;td&gt;Adrian&lt;/td&gt;
		&lt;td&gt;Jankowski&lt;/td&gt;
		&lt;td&gt;costam&lt;/td&gt;
		&lt;td&gt;2016.12.12&lt;/td&gt;
		&lt;td&gt;2016-12-14&lt;/td&gt;
		&lt;td&gt;false&lt;/td&gt;
	&lt;/tr&gt;
	&lt;tr&gt;
		&lt;td&gt;Krzyś&lt;/td&gt;
		&lt;td&gt;Jankowski&lt;/td&gt;
		&lt;td&gt;costam&lt;/td&gt;
		&lt;td&gt;2016-12-12&lt;/td&gt;
		&lt;td&gt;2016-12-14&lt;/td&gt;
		&lt;td&gt;true&lt;/td&gt;
	&lt;/tr&gt;
&lt;/table&gt;
</content>
    <relativePageName>Dodawanie_klienta</relativePageName>
          </result>
  <executionLog>
    <testSystem>fit:fit.FitServer</testSystem>
    <command>java -cp "C:\Users\Anna\Desktop\Hotel\FitNesse\fitnesse-standalone.jar;C:\Users\Anna\Desktop\Hotel\build\classes " fit.FitServer Anna-PC 53296 3863</command>
    <exitCode>2</exitCode>
    <stdOut></stdOut>
    <stdErr></stdErr>
  </executionLog>
  <finalCounts>
    <right>0</right>
    <wrong>0</wrong>
    <ignores>0</ignores>
    <exceptions>1</exceptions>
  </finalCounts>
  <totalRunTimeInMillis>472</totalRunTimeInMillis>
</testResults>

