<?xml version="1.0"?>
<suiteResults>
  <FitNesseVersion>v20161106</FitNesseVersion>
  <rootPath>FrontPage.Recepcja</rootPath>
  <pageHistoryReference>
    <name>FrontPage.Recepcja.Czy_zaplacono_rachunek</name>
    <date>2017-01-24T12:23:31+01:00</date>
    <pageHistoryLink>FrontPage.Recepcja.Czy_zaplacono_rachunek?pageHistory&amp;resultDate=20170124122331</pageHistoryLink>
    <counts>
      <right>8</right>
      <wrong>0</wrong>
      <ignores>0</ignores>
      <exceptions>0</exceptions>
    </counts>
    <runTimeInMillis>46</runTimeInMillis>
  </pageHistoryReference>
  <pageHistoryReference>
    <name>FrontPage.Recepcja.Dodawanie_klienta</name>
    <date>2017-01-24T12:23:32+01:00</date>
    <pageHistoryLink>FrontPage.Recepcja.Dodawanie_klienta?pageHistory&amp;resultDate=20170124122332</pageHistoryLink>
    <counts>
      <right>5</right>
      <wrong>0</wrong>
      <ignores>0</ignores>
      <exceptions>0</exceptions>
    </counts>
    <runTimeInMillis>185</runTimeInMillis>
  </pageHistoryReference>
  <pageHistoryReference>
    <name>FrontPage.Recepcja.Dodawanie_rezerwacji</name>
    <date>2017-01-24T12:23:32+01:00</date>
    <pageHistoryLink>FrontPage.Recepcja.Dodawanie_rezerwacji?pageHistory&amp;resultDate=20170124122332</pageHistoryLink>
    <counts>
      <right>0</right>
      <wrong>0</wrong>
      <ignores>0</ignores>
      <exceptions>5</exceptions>
    </counts>
    <runTimeInMillis>6</runTimeInMillis>
  </pageHistoryReference>
  <pageHistoryReference>
    <name>FrontPage.Recepcja.Wystawienie_rachunku</name>
    <date>2017-01-24T12:23:32+01:00</date>
    <pageHistoryLink>FrontPage.Recepcja.Wystawienie_rachunku?pageHistory&amp;resultDate=20170124122332</pageHistoryLink>
    <counts>
      <right>8</right>
      <wrong>0</wrong>
      <ignores>0</ignores>
      <exceptions>0</exceptions>
    </counts>
    <runTimeInMillis>7</runTimeInMillis>
  </pageHistoryReference>
  <executionLog>
    <testSystem>fit:fit.FitServer</testSystem>
    <command>java -cp C:\Users\Anna\Desktop\Hotel2\FitNesse\fitnesse-standalone.jar;C:\Users\Anna\Desktop\Hotel2\build\classes fit.FitServer Anna-PC 64601 3863</command>
    <exitCode>5</exitCode>
    <stdOut></stdOut>
    <stdErr></stdErr>
  </executionLog>
  <finalCounts>
    <right>3</right>
    <wrong>0</wrong>
    <ignores>0</ignores>
    <exceptions>1</exceptions>
  </finalCounts>
  <totalRunTimeInMillis>744</totalRunTimeInMillis>
</suiteResults>

