<?xml version="1.0"?>
<testResults>
  <FitNesseVersion>v20161106</FitNesseVersion>
  <rootPath>FrontPage.Recepcja.Czy_zaplacono_rachunek</rootPath>
    <result>
    <counts>
      <right>0</right>
      <wrong>0</wrong>
      <ignores>0</ignores>
      <exceptions>25</exceptions>
    </counts>
    <date>2017-01-24T11:15:18+01:00</date>
    <runTimeInMillis>28</runTimeInMillis>
    <content>&lt;div class="collapsible closed"&gt;&lt;ul&gt;&lt;li&gt;&lt;a href='#' class='expandall'&gt;Expand&lt;/a&gt;&lt;/li&gt;&lt;li&gt;&lt;a href='#' class='collapseall'&gt;Collapse&lt;/a&gt;&lt;/li&gt;&lt;/ul&gt;
	&lt;p class="title"&gt;Included page: &lt;a href="FrontPage.Recepcja.SetUp"&gt;.FrontPage.Recepcja.SetUp&lt;/a&gt; &lt;a href="FrontPage.Recepcja.SetUp?edit&amp;amp;redirectToReferer=true&amp;amp;redirectAction=" class="edit"&gt;(edit)&lt;/a&gt;&lt;/p&gt;
	&lt;div&gt;&lt;div class="contents"&gt;
	&lt;b&gt;Contents:&lt;/b&gt;
	&lt;ul class="toc1"/&gt;
&lt;/div&gt;
&lt;br/&gt;&lt;table&gt;
	&lt;tr&gt;
		&lt;td&gt;SetUp&lt;/td&gt;
	&lt;/tr&gt;
&lt;/table&gt;
&lt;/div&gt;
&lt;/div&gt;
&lt;br/&gt;&amp;lt;test page&amp;gt;&lt;br/&gt;&lt;table&gt;
	&lt;tr&gt;
		&lt;td colspan="3"&gt;Test_czy_zaplacono_rachunek&lt;/td&gt;
	&lt;/tr&gt;
	&lt;tr&gt;
		&lt;td class="error"&gt;kwotaZPodatkiem&lt;hr/&gt; &lt;span class="fit_label"&gt;Could not find field: kwotaZPodatkiem.&lt;/span&gt;&lt;/td&gt;
		&lt;td&gt;kwota&lt;/td&gt;
		&lt;td&gt;czy_zaplacono_rachunek?&lt;/td&gt;
	&lt;/tr&gt;
	&lt;tr&gt;
		&lt;td class="error"&gt;200&lt;hr&gt;&lt;pre&gt;&lt;div class="fit_stacktrace"&gt;java.lang.NullPointerException
	at fit.ColumnFixture.doCell(ColumnFixture.java:32)
	at fit.Fixture.doCells(Fixture.java:174)
	at fit.Fixture.doRow(Fixture.java:168)
	at fit.ColumnFixture.doRow(ColumnFixture.java:21)
	at fit.Fixture.doRows(Fixture.java:162)
	at fit.ColumnFixture.doRows(ColumnFixture.java:13)
	at fit.Fixture.doTable(Fixture.java:156)
	at fit.Fixture.interpretFollowingTables(Fixture.java:121)
	at fit.Fixture.interpretTables(Fixture.java:107)
	at fit.Fixture.doTables(Fixture.java:81)
	at fit.FitServer.process(FitServer.java:81)
	at fit.FitServer.run(FitServer.java:56)
	at fit.FitServer.main(FitServer.java:41)
&lt;/div&gt;&lt;/pre&gt;&lt;/td&gt;
		&lt;td class="error"&gt;200&lt;hr&gt;&lt;pre&gt;&lt;div class="fit_stacktrace"&gt;java.lang.NullPointerException
	at fit.ColumnFixture.doCell(ColumnFixture.java:32)
	at fit.Fixture.doCells(Fixture.java:174)
	at fit.Fixture.doRow(Fixture.java:168)
	at fit.ColumnFixture.doRow(ColumnFixture.java:21)
	at fit.Fixture.doRows(Fixture.java:162)
	at fit.ColumnFixture.doRows(ColumnFixture.java:13)
	at fit.Fixture.doTable(Fixture.java:156)
	at fit.Fixture.interpretFollowingTables(Fixture.java:121)
	at fit.Fixture.interpretTables(Fixture.java:107)
	at fit.Fixture.doTables(Fixture.java:81)
	at fit.FitServer.process(FitServer.java:81)
	at fit.FitServer.run(FitServer.java:56)
	at fit.FitServer.main(FitServer.java:41)
&lt;/div&gt;&lt;/pre&gt;&lt;/td&gt;
		&lt;td class="error"&gt;true&lt;hr&gt;&lt;pre&gt;&lt;div class="fit_stacktrace"&gt;java.lang.NullPointerException
	at fit.ColumnFixture.doCell(ColumnFixture.java:32)
	at fit.Fixture.doCells(Fixture.java:174)
	at fit.Fixture.doRow(Fixture.java:168)
	at fit.ColumnFixture.doRow(ColumnFixture.java:21)
	at fit.Fixture.doRows(Fixture.java:162)
	at fit.ColumnFixture.doRows(ColumnFixture.java:13)
	at fit.Fixture.doTable(Fixture.java:156)
	at fit.Fixture.interpretFollowingTables(Fixture.java:121)
	at fit.Fixture.interpretTables(Fixture.java:107)
	at fit.Fixture.doTables(Fixture.java:81)
	at fit.FitServer.process(FitServer.java:81)
	at fit.FitServer.run(FitServer.java:56)
	at fit.FitServer.main(FitServer.java:41)
&lt;/div&gt;&lt;/pre&gt;&lt;/td&gt;
	&lt;/tr&gt;
	&lt;tr&gt;
		&lt;td class="error"&gt;250&lt;hr&gt;&lt;pre&gt;&lt;div class="fit_stacktrace"&gt;java.lang.NullPointerException
	at fit.ColumnFixture.doCell(ColumnFixture.java:32)
	at fit.Fixture.doCells(Fixture.java:174)
	at fit.Fixture.doRow(Fixture.java:168)
	at fit.ColumnFixture.doRow(ColumnFixture.java:21)
	at fit.Fixture.doRows(Fixture.java:162)
	at fit.ColumnFixture.doRows(ColumnFixture.java:13)
	at fit.Fixture.doTable(Fixture.java:156)
	at fit.Fixture.interpretFollowingTables(Fixture.java:121)
	at fit.Fixture.interpretTables(Fixture.java:107)
	at fit.Fixture.doTables(Fixture.java:81)
	at fit.FitServer.process(FitServer.java:81)
	at fit.FitServer.run(FitServer.java:56)
	at fit.FitServer.main(FitServer.java:41)
&lt;/div&gt;&lt;/pre&gt;&lt;/td&gt;
		&lt;td class="error"&gt;250&lt;hr&gt;&lt;pre&gt;&lt;div class="fit_stacktrace"&gt;java.lang.NullPointerException
	at fit.ColumnFixture.doCell(ColumnFixture.java:32)
	at fit.Fixture.doCells(Fixture.java:174)
	at fit.Fixture.doRow(Fixture.java:168)
	at fit.ColumnFixture.doRow(ColumnFixture.java:21)
	at fit.Fixture.doRows(Fixture.java:162)
	at fit.ColumnFixture.doRows(ColumnFixture.java:13)
	at fit.Fixture.doTable(Fixture.java:156)
	at fit.Fixture.interpretFollowingTables(Fixture.java:121)
	at fit.Fixture.interpretTables(Fixture.java:107)
	at fit.Fixture.doTables(Fixture.java:81)
	at fit.FitServer.process(FitServer.java:81)
	at fit.FitServer.run(FitServer.java:56)
	at fit.FitServer.main(FitServer.java:41)
&lt;/div&gt;&lt;/pre&gt;&lt;/td&gt;
		&lt;td class="error"&gt;true&lt;hr&gt;&lt;pre&gt;&lt;div class="fit_stacktrace"&gt;java.lang.NullPointerException
	at fit.ColumnFixture.doCell(ColumnFixture.java:32)
	at fit.Fixture.doCells(Fixture.java:174)
	at fit.Fixture.doRow(Fixture.java:168)
	at fit.ColumnFixture.doRow(ColumnFixture.java:21)
	at fit.Fixture.doRows(Fixture.java:162)
	at fit.ColumnFixture.doRows(ColumnFixture.java:13)
	at fit.Fixture.doTable(Fixture.java:156)
	at fit.Fixture.interpretFollowingTables(Fixture.java:121)
	at fit.Fixture.interpretTables(Fixture.java:107)
	at fit.Fixture.doTables(Fixture.java:81)
	at fit.FitServer.process(FitServer.java:81)
	at fit.FitServer.run(FitServer.java:56)
	at fit.FitServer.main(FitServer.java:41)
&lt;/div&gt;&lt;/pre&gt;&lt;/td&gt;
	&lt;/tr&gt;
	&lt;tr&gt;
		&lt;td class="error"&gt;400&lt;hr&gt;&lt;pre&gt;&lt;div class="fit_stacktrace"&gt;java.lang.NullPointerException
	at fit.ColumnFixture.doCell(ColumnFixture.java:32)
	at fit.Fixture.doCells(Fixture.java:174)
	at fit.Fixture.doRow(Fixture.java:168)
	at fit.ColumnFixture.doRow(ColumnFixture.java:21)
	at fit.Fixture.doRows(Fixture.java:162)
	at fit.ColumnFixture.doRows(ColumnFixture.java:13)
	at fit.Fixture.doTable(Fixture.java:156)
	at fit.Fixture.interpretFollowingTables(Fixture.java:121)
	at fit.Fixture.interpretTables(Fixture.java:107)
	at fit.Fixture.doTables(Fixture.java:81)
	at fit.FitServer.process(FitServer.java:81)
	at fit.FitServer.run(FitServer.java:56)
	at fit.FitServer.main(FitServer.java:41)
&lt;/div&gt;&lt;/pre&gt;&lt;/td&gt;
		&lt;td class="error"&gt;400&lt;hr&gt;&lt;pre&gt;&lt;div class="fit_stacktrace"&gt;java.lang.NullPointerException
	at fit.ColumnFixture.doCell(ColumnFixture.java:32)
	at fit.Fixture.doCells(Fixture.java:174)
	at fit.Fixture.doRow(Fixture.java:168)
	at fit.ColumnFixture.doRow(ColumnFixture.java:21)
	at fit.Fixture.doRows(Fixture.java:162)
	at fit.ColumnFixture.doRows(ColumnFixture.java:13)
	at fit.Fixture.doTable(Fixture.java:156)
	at fit.Fixture.interpretFollowingTables(Fixture.java:121)
	at fit.Fixture.interpretTables(Fixture.java:107)
	at fit.Fixture.doTables(Fixture.java:81)
	at fit.FitServer.process(FitServer.java:81)
	at fit.FitServer.run(FitServer.java:56)
	at fit.FitServer.main(FitServer.java:41)
&lt;/div&gt;&lt;/pre&gt;&lt;/td&gt;
		&lt;td class="error"&gt;true&lt;hr&gt;&lt;pre&gt;&lt;div class="fit_stacktrace"&gt;java.lang.NullPointerException
	at fit.ColumnFixture.doCell(ColumnFixture.java:32)
	at fit.Fixture.doCells(Fixture.java:174)
	at fit.Fixture.doRow(Fixture.java:168)
	at fit.ColumnFixture.doRow(ColumnFixture.java:21)
	at fit.Fixture.doRows(Fixture.java:162)
	at fit.ColumnFixture.doRows(ColumnFixture.java:13)
	at fit.Fixture.doTable(Fixture.java:156)
	at fit.Fixture.interpretFollowingTables(Fixture.java:121)
	at fit.Fixture.interpretTables(Fixture.java:107)
	at fit.Fixture.doTables(Fixture.java:81)
	at fit.FitServer.process(FitServer.java:81)
	at fit.FitServer.run(FitServer.java:56)
	at fit.FitServer.main(FitServer.java:41)
&lt;/div&gt;&lt;/pre&gt;&lt;/td&gt;
	&lt;/tr&gt;
	&lt;tr&gt;
		&lt;td class="error"&gt;1200&lt;hr&gt;&lt;pre&gt;&lt;div class="fit_stacktrace"&gt;java.lang.NullPointerException
	at fit.ColumnFixture.doCell(ColumnFixture.java:32)
	at fit.Fixture.doCells(Fixture.java:174)
	at fit.Fixture.doRow(Fixture.java:168)
	at fit.ColumnFixture.doRow(ColumnFixture.java:21)
	at fit.Fixture.doRows(Fixture.java:162)
	at fit.ColumnFixture.doRows(ColumnFixture.java:13)
	at fit.Fixture.doTable(Fixture.java:156)
	at fit.Fixture.interpretFollowingTables(Fixture.java:121)
	at fit.Fixture.interpretTables(Fixture.java:107)
	at fit.Fixture.doTables(Fixture.java:81)
	at fit.FitServer.process(FitServer.java:81)
	at fit.FitServer.run(FitServer.java:56)
	at fit.FitServer.main(FitServer.java:41)
&lt;/div&gt;&lt;/pre&gt;&lt;/td&gt;
		&lt;td class="error"&gt;1200&lt;hr&gt;&lt;pre&gt;&lt;div class="fit_stacktrace"&gt;java.lang.NullPointerException
	at fit.ColumnFixture.doCell(ColumnFixture.java:32)
	at fit.Fixture.doCells(Fixture.java:174)
	at fit.Fixture.doRow(Fixture.java:168)
	at fit.ColumnFixture.doRow(ColumnFixture.java:21)
	at fit.Fixture.doRows(Fixture.java:162)
	at fit.ColumnFixture.doRows(ColumnFixture.java:13)
	at fit.Fixture.doTable(Fixture.java:156)
	at fit.Fixture.interpretFollowingTables(Fixture.java:121)
	at fit.Fixture.interpretTables(Fixture.java:107)
	at fit.Fixture.doTables(Fixture.java:81)
	at fit.FitServer.process(FitServer.java:81)
	at fit.FitServer.run(FitServer.java:56)
	at fit.FitServer.main(FitServer.java:41)
&lt;/div&gt;&lt;/pre&gt;&lt;/td&gt;
		&lt;td class="error"&gt;true&lt;hr&gt;&lt;pre&gt;&lt;div class="fit_stacktrace"&gt;java.lang.NullPointerException
	at fit.ColumnFixture.doCell(ColumnFixture.java:32)
	at fit.Fixture.doCells(Fixture.java:174)
	at fit.Fixture.doRow(Fixture.java:168)
	at fit.ColumnFixture.doRow(ColumnFixture.java:21)
	at fit.Fixture.doRows(Fixture.java:162)
	at fit.ColumnFixture.doRows(ColumnFixture.java:13)
	at fit.Fixture.doTable(Fixture.java:156)
	at fit.Fixture.interpretFollowingTables(Fixture.java:121)
	at fit.Fixture.interpretTables(Fixture.java:107)
	at fit.Fixture.doTables(Fixture.java:81)
	at fit.FitServer.process(FitServer.java:81)
	at fit.FitServer.run(FitServer.java:56)
	at fit.FitServer.main(FitServer.java:41)
&lt;/div&gt;&lt;/pre&gt;&lt;/td&gt;
	&lt;/tr&gt;
	&lt;tr&gt;
		&lt;td class="error"&gt;100&lt;hr&gt;&lt;pre&gt;&lt;div class="fit_stacktrace"&gt;java.lang.NullPointerException
	at fit.ColumnFixture.doCell(ColumnFixture.java:32)
	at fit.Fixture.doCells(Fixture.java:174)
	at fit.Fixture.doRow(Fixture.java:168)
	at fit.ColumnFixture.doRow(ColumnFixture.java:21)
	at fit.Fixture.doRows(Fixture.java:162)
	at fit.ColumnFixture.doRows(ColumnFixture.java:13)
	at fit.Fixture.doTable(Fixture.java:156)
	at fit.Fixture.interpretFollowingTables(Fixture.java:121)
	at fit.Fixture.interpretTables(Fixture.java:107)
	at fit.Fixture.doTables(Fixture.java:81)
	at fit.FitServer.process(FitServer.java:81)
	at fit.FitServer.run(FitServer.java:56)
	at fit.FitServer.main(FitServer.java:41)
&lt;/div&gt;&lt;/pre&gt;&lt;/td&gt;
		&lt;td class="error"&gt;100&lt;hr&gt;&lt;pre&gt;&lt;div class="fit_stacktrace"&gt;java.lang.NullPointerException
	at fit.ColumnFixture.doCell(ColumnFixture.java:32)
	at fit.Fixture.doCells(Fixture.java:174)
	at fit.Fixture.doRow(Fixture.java:168)
	at fit.ColumnFixture.doRow(ColumnFixture.java:21)
	at fit.Fixture.doRows(Fixture.java:162)
	at fit.ColumnFixture.doRows(ColumnFixture.java:13)
	at fit.Fixture.doTable(Fixture.java:156)
	at fit.Fixture.interpretFollowingTables(Fixture.java:121)
	at fit.Fixture.interpretTables(Fixture.java:107)
	at fit.Fixture.doTables(Fixture.java:81)
	at fit.FitServer.process(FitServer.java:81)
	at fit.FitServer.run(FitServer.java:56)
	at fit.FitServer.main(FitServer.java:41)
&lt;/div&gt;&lt;/pre&gt;&lt;/td&gt;
		&lt;td class="error"&gt;true&lt;hr&gt;&lt;pre&gt;&lt;div class="fit_stacktrace"&gt;java.lang.NullPointerException
	at fit.ColumnFixture.doCell(ColumnFixture.java:32)
	at fit.Fixture.doCells(Fixture.java:174)
	at fit.Fixture.doRow(Fixture.java:168)
	at fit.ColumnFixture.doRow(ColumnFixture.java:21)
	at fit.Fixture.doRows(Fixture.java:162)
	at fit.ColumnFixture.doRows(ColumnFixture.java:13)
	at fit.Fixture.doTable(Fixture.java:156)
	at fit.Fixture.interpretFollowingTables(Fixture.java:121)
	at fit.Fixture.interpretTables(Fixture.java:107)
	at fit.Fixture.doTables(Fixture.java:81)
	at fit.FitServer.process(FitServer.java:81)
	at fit.FitServer.run(FitServer.java:56)
	at fit.FitServer.main(FitServer.java:41)
&lt;/div&gt;&lt;/pre&gt;&lt;/td&gt;
	&lt;/tr&gt;
	&lt;tr&gt;
		&lt;td class="error"&gt;500&lt;hr&gt;&lt;pre&gt;&lt;div class="fit_stacktrace"&gt;java.lang.NullPointerException
	at fit.ColumnFixture.doCell(ColumnFixture.java:32)
	at fit.Fixture.doCells(Fixture.java:174)
	at fit.Fixture.doRow(Fixture.java:168)
	at fit.ColumnFixture.doRow(ColumnFixture.java:21)
	at fit.Fixture.doRows(Fixture.java:162)
	at fit.ColumnFixture.doRows(ColumnFixture.java:13)
	at fit.Fixture.doTable(Fixture.java:156)
	at fit.Fixture.interpretFollowingTables(Fixture.java:121)
	at fit.Fixture.interpretTables(Fixture.java:107)
	at fit.Fixture.doTables(Fixture.java:81)
	at fit.FitServer.process(FitServer.java:81)
	at fit.FitServer.run(FitServer.java:56)
	at fit.FitServer.main(FitServer.java:41)
&lt;/div&gt;&lt;/pre&gt;&lt;/td&gt;
		&lt;td class="error"&gt;500&lt;hr&gt;&lt;pre&gt;&lt;div class="fit_stacktrace"&gt;java.lang.NullPointerException
	at fit.ColumnFixture.doCell(ColumnFixture.java:32)
	at fit.Fixture.doCells(Fixture.java:174)
	at fit.Fixture.doRow(Fixture.java:168)
	at fit.ColumnFixture.doRow(ColumnFixture.java:21)
	at fit.Fixture.doRows(Fixture.java:162)
	at fit.ColumnFixture.doRows(ColumnFixture.java:13)
	at fit.Fixture.doTable(Fixture.java:156)
	at fit.Fixture.interpretFollowingTables(Fixture.java:121)
	at fit.Fixture.interpretTables(Fixture.java:107)
	at fit.Fixture.doTables(Fixture.java:81)
	at fit.FitServer.process(FitServer.java:81)
	at fit.FitServer.run(FitServer.java:56)
	at fit.FitServer.main(FitServer.java:41)
&lt;/div&gt;&lt;/pre&gt;&lt;/td&gt;
		&lt;td class="error"&gt;true&lt;hr&gt;&lt;pre&gt;&lt;div class="fit_stacktrace"&gt;java.lang.NullPointerException
	at fit.ColumnFixture.doCell(ColumnFixture.java:32)
	at fit.Fixture.doCells(Fixture.java:174)
	at fit.Fixture.doRow(Fixture.java:168)
	at fit.ColumnFixture.doRow(ColumnFixture.java:21)
	at fit.Fixture.doRows(Fixture.java:162)
	at fit.ColumnFixture.doRows(ColumnFixture.java:13)
	at fit.Fixture.doTable(Fixture.java:156)
	at fit.Fixture.interpretFollowingTables(Fixture.java:121)
	at fit.Fixture.interpretTables(Fixture.java:107)
	at fit.Fixture.doTables(Fixture.java:81)
	at fit.FitServer.process(FitServer.java:81)
	at fit.FitServer.run(FitServer.java:56)
	at fit.FitServer.main(FitServer.java:41)
&lt;/div&gt;&lt;/pre&gt;&lt;/td&gt;
	&lt;/tr&gt;
	&lt;tr&gt;
		&lt;td class="error"&gt;550&lt;hr&gt;&lt;pre&gt;&lt;div class="fit_stacktrace"&gt;java.lang.NullPointerException
	at fit.ColumnFixture.doCell(ColumnFixture.java:32)
	at fit.Fixture.doCells(Fixture.java:174)
	at fit.Fixture.doRow(Fixture.java:168)
	at fit.ColumnFixture.doRow(ColumnFixture.java:21)
	at fit.Fixture.doRows(Fixture.java:162)
	at fit.ColumnFixture.doRows(ColumnFixture.java:13)
	at fit.Fixture.doTable(Fixture.java:156)
	at fit.Fixture.interpretFollowingTables(Fixture.java:121)
	at fit.Fixture.interpretTables(Fixture.java:107)
	at fit.Fixture.doTables(Fixture.java:81)
	at fit.FitServer.process(FitServer.java:81)
	at fit.FitServer.run(FitServer.java:56)
	at fit.FitServer.main(FitServer.java:41)
&lt;/div&gt;&lt;/pre&gt;&lt;/td&gt;
		&lt;td class="error"&gt;550&lt;hr&gt;&lt;pre&gt;&lt;div class="fit_stacktrace"&gt;java.lang.NullPointerException
	at fit.ColumnFixture.doCell(ColumnFixture.java:32)
	at fit.Fixture.doCells(Fixture.java:174)
	at fit.Fixture.doRow(Fixture.java:168)
	at fit.ColumnFixture.doRow(ColumnFixture.java:21)
	at fit.Fixture.doRows(Fixture.java:162)
	at fit.ColumnFixture.doRows(ColumnFixture.java:13)
	at fit.Fixture.doTable(Fixture.java:156)
	at fit.Fixture.interpretFollowingTables(Fixture.java:121)
	at fit.Fixture.interpretTables(Fixture.java:107)
	at fit.Fixture.doTables(Fixture.java:81)
	at fit.FitServer.process(FitServer.java:81)
	at fit.FitServer.run(FitServer.java:56)
	at fit.FitServer.main(FitServer.java:41)
&lt;/div&gt;&lt;/pre&gt;&lt;/td&gt;
		&lt;td class="error"&gt;true&lt;hr&gt;&lt;pre&gt;&lt;div class="fit_stacktrace"&gt;java.lang.NullPointerException
	at fit.ColumnFixture.doCell(ColumnFixture.java:32)
	at fit.Fixture.doCells(Fixture.java:174)
	at fit.Fixture.doRow(Fixture.java:168)
	at fit.ColumnFixture.doRow(ColumnFixture.java:21)
	at fit.Fixture.doRows(Fixture.java:162)
	at fit.ColumnFixture.doRows(ColumnFixture.java:13)
	at fit.Fixture.doTable(Fixture.java:156)
	at fit.Fixture.interpretFollowingTables(Fixture.java:121)
	at fit.Fixture.interpretTables(Fixture.java:107)
	at fit.Fixture.doTables(Fixture.java:81)
	at fit.FitServer.process(FitServer.java:81)
	at fit.FitServer.run(FitServer.java:56)
	at fit.FitServer.main(FitServer.java:41)
&lt;/div&gt;&lt;/pre&gt;&lt;/td&gt;
	&lt;/tr&gt;
	&lt;tr&gt;
		&lt;td class="error"&gt;200&lt;hr&gt;&lt;pre&gt;&lt;div class="fit_stacktrace"&gt;java.lang.NullPointerException
	at fit.ColumnFixture.doCell(ColumnFixture.java:32)
	at fit.Fixture.doCells(Fixture.java:174)
	at fit.Fixture.doRow(Fixture.java:168)
	at fit.ColumnFixture.doRow(ColumnFixture.java:21)
	at fit.Fixture.doRows(Fixture.java:162)
	at fit.ColumnFixture.doRows(ColumnFixture.java:13)
	at fit.Fixture.doTable(Fixture.java:156)
	at fit.Fixture.interpretFollowingTables(Fixture.java:121)
	at fit.Fixture.interpretTables(Fixture.java:107)
	at fit.Fixture.doTables(Fixture.java:81)
	at fit.FitServer.process(FitServer.java:81)
	at fit.FitServer.run(FitServer.java:56)
	at fit.FitServer.main(FitServer.java:41)
&lt;/div&gt;&lt;/pre&gt;&lt;/td&gt;
		&lt;td class="error"&gt;200&lt;hr&gt;&lt;pre&gt;&lt;div class="fit_stacktrace"&gt;java.lang.NullPointerException
	at fit.ColumnFixture.doCell(ColumnFixture.java:32)
	at fit.Fixture.doCells(Fixture.java:174)
	at fit.Fixture.doRow(Fixture.java:168)
	at fit.ColumnFixture.doRow(ColumnFixture.java:21)
	at fit.Fixture.doRows(Fixture.java:162)
	at fit.ColumnFixture.doRows(ColumnFixture.java:13)
	at fit.Fixture.doTable(Fixture.java:156)
	at fit.Fixture.interpretFollowingTables(Fixture.java:121)
	at fit.Fixture.interpretTables(Fixture.java:107)
	at fit.Fixture.doTables(Fixture.java:81)
	at fit.FitServer.process(FitServer.java:81)
	at fit.FitServer.run(FitServer.java:56)
	at fit.FitServer.main(FitServer.java:41)
&lt;/div&gt;&lt;/pre&gt;&lt;/td&gt;
		&lt;td class="error"&gt;true&lt;hr&gt;&lt;pre&gt;&lt;div class="fit_stacktrace"&gt;java.lang.NullPointerException
	at fit.ColumnFixture.doCell(ColumnFixture.java:32)
	at fit.Fixture.doCells(Fixture.java:174)
	at fit.Fixture.doRow(Fixture.java:168)
	at fit.ColumnFixture.doRow(ColumnFixture.java:21)
	at fit.Fixture.doRows(Fixture.java:162)
	at fit.ColumnFixture.doRows(ColumnFixture.java:13)
	at fit.Fixture.doTable(Fixture.java:156)
	at fit.Fixture.interpretFollowingTables(Fixture.java:121)
	at fit.Fixture.interpretTables(Fixture.java:107)
	at fit.Fixture.doTables(Fixture.java:81)
	at fit.FitServer.process(FitServer.java:81)
	at fit.FitServer.run(FitServer.java:56)
	at fit.FitServer.main(FitServer.java:41)
&lt;/div&gt;&lt;/pre&gt;&lt;/td&gt;
	&lt;/tr&gt;
&lt;/table&gt;
</content>
    <relativePageName>Czy_zaplacono_rachunek</relativePageName>
          </result>
  <executionLog>
    <testSystem>fit:fit.FitServer</testSystem>
    <command>java -cp C:\Users\Anna\Desktop\Hotel2\FitNesse\fitnesse-standalone.jar;C:\Users\Anna\Desktop\Hotel2\build\classes fit.FitServer Anna-PC 51930 3863</command>
    <exitCode>25</exitCode>
    <stdOut></stdOut>
    <stdErr></stdErr>
  </executionLog>
  <finalCounts>
    <right>0</right>
    <wrong>0</wrong>
    <ignores>0</ignores>
    <exceptions>1</exceptions>
  </finalCounts>
  <totalRunTimeInMillis>482</totalRunTimeInMillis>
</testResults>

